footage_001_new,001
footage_002_new,002
footage_003_new,003
footage_004_new,004
footage_005_new,005
footage_006_new,006
footage_007_new,007
footage_008_new,008
footage_009_new,009
footage_010_new,010
footage_011_new,011
footage_012_new,012
footage_013_new,013
footage_014_new,014
footage_015_new,015
footage_016_new,016
footage_017_new,017
footage_018_new,018
footage_019_new,019
footage_020_new,020
footage_021_new,021
footage_022_new,022
footage_023_new,023
footage_024_new,024
footage_025_new,025
footage_026_new,026
footage_027_new,027
footage_028_new,028
footage_029_new,029
footage_030_new,030
footage_031_new,031
footage_032_new,032
footage_033_new,033
footage_034_new,034
footage_035_new,035
footage_036_new,036
footage_037_new,037
footage_038_new,038
footage_039_new,039
footage_040_new,040
footage_041_new,041
footage_042_new,042
footage_043_new,043
footage_044_new,044
footage_045_new,045
footage_046_new,046
footage_047_new,047
footage_048_new,048
footage_049_new,049
footage_050_new,050
footage_051_new,051
footage_052_new,052
footage_053_new,053
footage_054_new,054
footage_055_new,055
footage_056_new,056
footage_057_new,057
footage_058_new,058
footage_059_new,059
footage_060_new,060
footage_061_new,061
footage_062_new,062
footage_063_new,063
footage_064_new,064
footage_065_new,065
footage_066_new,066
footage_067_new,067
footage_068_new,068
footage_069_new,069
footage_070_new,070
footage_071_new,071
footage_073_new,072
footage_074_new,073
footage_075_new,074
footage_076_new,075
footage_077_new,076
footage_078_new,077
footage_079_new,078
footage_080_new,079
footage_081_new,080
footage_082_new,081
footage_083_new,082
footage_084_new,083
footage_085_new,084
footage_086_new,085
footage_087_new,086
footage_088_new,087
footage_089_new,088
footage_090_new,089
footage_091_new,090
footage_092_new,091
footage_093_new,092
footage_094_new,093
footage_095_new,094
footage_096_new,095
footage_097_new,096
footage_098_new,097
footage_099_new,098
footage_100_new,099
footage_101_new,100
footage_102_new,101
footage_103_new,102
footage_104_new,103
footage_105_new,104
footage_106_new,105
footage_107_new,106
footage_108_new,107
footage_109_new,108
footage_110_new,109
footage_111_new,110
footage_112_new,111
footage_113_new,112
footage_114_new,113
footage_115_new,114
footage_116_new,115
footage_117_new,116
footage_118_new,117
footage_119_new,118
footage_120_new,119
footage_121_new,120
footage_122_new,121
footage_123_new,122
footage_124_new,123
footage_125_new,124
footage_126_new,125
footage_127_new,126
footage_128_new,127
footage_129_new,128
footage_130_new,129
footage_131_new,130
footage_132_new,131
footage_133_new,132
footage_134_new,133
footage_135_new,134
footage_136_new,135
footage_137_new,136
footage_138_new,137
footage_140_new,138
footage_141_new,139
footage_142_new,140
footage_143_new,141
footage_144_new,142
footage_145_new,143
footage_146_new,144
footage_147_new,145
footage_148_new,146
footage_149_new,147
footage_150_new,148
footage_151_new,149
footage_152_new,150
footage_153_new,151
footage_154_new,152
footage_155_new,153
footage_156_new,154
footage_157_new,155
footage_158_new,156
footage_159_new,157
footage_160_new,158
footage_161_new,159
footage_162_new,160
footage_163_new,161
footage_164_new,162
footage_165_new,163
footage_166_new,164
footage_167_new,165
footage_168_new,166
footage_169_new,167
footage_170_new,168
footage_171_new,169
footage_172_new,170
footage_173_new,171
footage_174_new,172
footage_175_new,173
footage_176_new,174
footage_177_new,175
footage_178_new,176
footage_179_new,177
footage_180_new,178
footage_181_new,179
footage_182_new,180
footage_183_new,181
footage_184_new,182
footage_185_new,183
footage_186_new,184
footage_187_new,185
footage_188_new,186
footage_189_new,187
footage_190_new,188
footage_191_new,189
footage_192_new,190
footage_193_new,191
footage_194_new,192
footage_195_new,193
footage_196_new,194
footage_197_new,195
footage_198_new,196
footage_199_new,197
footage_200_new,198
footage_201_new,199
footage_202_new,200
footage_204_new,201
footage_205_new,202
footage_206_new,203
footage_207_new,204
footage_208_new,205
footage_209_new,206
footage_210_new,207
footage_211_new,208
footage_212_new,209
footage_213_new,210
footage_214_new,211
footage_216_new,212
footage_217_new,213
footage_218_new,214
footage_219_new,215
footage_220_new,216
footage_221_new,217
footage_222_new,218
footage_223_new,219
footage_224_new,220
footage_225_new,221
footage_226_new,222
footage_227_new,223
footage_229_new,224
footage_231_new,225
footage_232_new,226
footage_233_new,227
footage_234_new,228
footage_235_new,229
footage_236_new,230
footage_237_new,231
footage_238_new,232
footage_239_new,233
footage_240_new,234
footage_241_new,235
footage_242_new,236
footage_243_new,237
footage_244_new,238
footage_245_new,239
footage_246_new,240
footage_247_new,241
footage_248_new,242
footage_250_new,243
footage_251_new,244
footage_252_new,245
footage_253_new,246
footage_254_new,247
footage_255_new,248
footage_256_new,249
footage_257_new,250
footage_258_new,251
footage_259_new,252
footage_260_new,253
footage_261_new,254
footage_262_new,255
footage_263_new,256
footage_265_new,257
footage_266_new,258
footage_268_new,259
footage_269_new,260
footage_270_new,261
footage_271_new,262
footage_272_new,263
footage_273_new,264
footage_274_new,265
footage_275_new,266
footage_276_new,267
footage_277_new,268
footage_278_new,269
footage_279_new,270
footage_280_new,271
footage_281_new,272
footage_282_new,273
footage_283_new,274
footage_284_new,275
footage_286_new,276
footage_287_new,277
footage_288_new,278
footage_289_new,279
footage_290_new,280
footage_291_new,281
footage_293_new,282
footage_294_new,283
footage_295_new,284
footage_296_new,285
footage_297_new,286
footage_298_new,287
footage_299_new,288
footage_300_new,289
footage_301_new,290
footage_302_new,291
footage_304_new,292
footage_305_new,293
footage_306_new,294
footage_307_new,295
footage_308_new,296
footage_309_new,297
footage_310_new,298
footage_311_new,299
footage_312_new,300
footage_313_new,301
footage_314_new,302
footage_315_new,303
footage_316_new,304
footage_317_new,305
footage_318_new,306
footage_319_new,307
footage_320_new,308
footage_321_new,309
footage_322_new,310
footage_323_new,311
footage_324_new,312
footage_325_new,313
footage_326_new,314
footage_327_new,315
footage_328_new,316
footage_329_new,317
footage_330_new,318
footage_331_new,319
footage_332_new,320
footage_333_new,321
footage_334_new,322
footage_335_new,323
footage_336_new,324
footage_337_new,325
footage_339_new,326
footage_340_new,327
footage_341_new,328
footage_342_new,329
footage_343_new,330
footage_344_new,331
footage_346_new,332
footage_347_new,333
footage_348_new,334
footage_349_new,335
footage_350_new,336
footage_351_new,337
footage_352_new,338
footage_353_new,339
footage_354_new,340
footage_355_new,341
footage_356_new,342
footage_357_new,343
footage_358_new,344
footage_359_new,345
footage_360_new,346
footage_361_new,347
footage_362_new,348
footage_363_new,349
footage_364_new,350
footage_365_new,351
footage_366_new,352
footage_367_new,353
footage_368_new,354
footage_369_new,355
footage_370_new,356
footage_371_new,357
footage_372_new,358
footage_373_new,359
footage_374_new,360
footage_376_new,361
footage_377_new,362
footage_378_new,363
footage_379_new,364
footage_380_new,365
footage_381_new,366
footage_382_new,367
footage_383_new,368
footage_384_new,369
footage_385_new,370
footage_386_new,371
footage_388_new,372
footage_389_new,373
footage_391_new,374
footage_392_new,375
footage_393_new,376
footage_394_new,377
footage_395_new,378
footage_397_new,379
footage_398_new,380
footage_399_new,381
footage_400_new,382
footage_402_new,383
footage_403_new,384
footage_404_new,385
footage_405_new,386
footage_406_new,387
footage_407_new,388
footage_408_new,389
footage_409_new,390
footage_410_new,391
footage_412_new,392
footage_413_new,393
footage_414_new,394
footage_415_new,395
footage_416_new,396
footage_417_new,397
footage_419_new,398
footage_420_new,399
footage_421_new,400
footage_422_new,401
footage_423_new,402
footage_424_new,403
footage_425_new,404
footage_426_new,405
footage_427_new,406
footage_428_new,407
footage_429_new,408
footage_430_new,409
footage_431_new,410
footage_432_new,411
footage_433_new,412
footage_434_new,413
footage_435_new,414
footage_436_new,415
footage_438_new,416
footage_439_new,417
footage_440_new,418
footage_441_new,419
footage_442_new,420
footage_443_new,421
footage_454_new,422
footage_455_new,423
footage_457_new,424
footage_458_new,425
footage_460_new,426
footage_463_new,427
footage_464_new,428
footage_465_new,429
footage_466_new,430
footage_467_new,431
footage_469_new,432
footage_470_new,433
footage_472_new,434
